factor,value,n,tickets,rate,ci_low,ci_high,lift,share_of_all_tickets,small_n,scope
Hinnatüüp,prediction,998,203,0.20340681362725452,0.17959230915966504,0.2294958306974478,2.7423714743402665,0.656957928802589,False,kõik
Hinnatüüp,puudub,19,0,0.0,1.3877787807814457e-17,0.16817922405261632,0.0,0.0,True,kõik
Hinnatüüp,upfront,2967,103,0.03471520053926525,0.02870682502620823,0.041926852916334294,0.4680372991798674,0.3333333333333333,False,kõik
Hinnatüüp,upfront_destination_changed,179,3,0.01675977653631285,0.005715931246561997,0.048109163369125144,0.2259586700656289,0.009708737864077669,False,kõik
Hinnatüüp,upfront_waypoint_changed,3,0,0.0,0.0,0.5614970317550455,0.0,0.0,True,kõik
GPS confidence,GPS halb (0),762,186,0.2440944881889764,0.2149287867671918,0.275827432410921,3.2909308666513772,0.6019417475728155,False,kõik
GPS confidence,GPS hea (1),3404,123,0.036133960047003526,0.0303692977669497,0.04294440002084393,0.48716529953338733,0.39805825242718446,False,kõik
Sisestaja,client,3972,308,0.07754279959718026,0.06962758749508137,0.08627436816402333,1.045447582918618,0.9967637540453075,False,kõik
Sisestaja,driver,189,1,0.005291005291005291,0.0009346037378160626,0.02935690544499702,0.07133439495899042,0.003236245954692557,False,kõik
Sisestaja,reseller,5,0,0.0,0.0,0.43448246478317487,0.0,0.0,True,kõik
Muutuse põhjus,client_destination_changed,123,11,0.08943089430894309,0.0506709303662006,0.15305945133198043,1.2057252611361065,0.03559870550161812,False,kõik
Muutuse põhjus,driver_destination_changed,127,0,0.0,0.0,0.029359645293763375,0.0,0.0,False,kõik
Muutuse põhjus,driver_waypoint_changed,5,0,0.0,0.0,0.43448246478317487,0.0,0.0,True,kõik
Muutuse põhjus,muutus puudub,3911,298,0.07619534645870621,0.06828996182373775,0.08493245219488516,1.0272809493429451,0.9644012944983819,False,kõik
Sihtkoha muutusi,1,3827,297,0.07760648027175333,0.06954703092819689,0.08651305802279216,1.0463061385505643,0.9611650485436893,False,kõik
Sihtkoha muutusi,2,226,10,0.04424778761061947,0.024209353106802618,0.07952066558966558,0.5965575507632385,0.032362459546925564,False,kõik
Sihtkoha muutusi,3+,113,2,0.017699115044247787,0.0048672318204874,0.06224472398560789,0.23862302030529542,0.006472491909385114,False,kõik
Piirkond,EL,2484,13,0.005233494363929146,0.0030610753996644707,0.008933844419237415,0.07055902110074053,0.042071197411003236,False,kõik
Piirkond,mitte-EL,1682,296,0.1759809750297265,0.15852652072006154,0.1949120874616985,2.3726108154493226,0.9579288025889967,False,kõik
Hinnatüüp,prediction,997,203,0.20361083249749248,0.17977493023913874,0.2297219538164201,2.7451220976846398,0.656957928802589,False,mitte-EL
Hinnatüüp,upfront,672,90,0.13392857142857142,0.11024844241300495,0.1617701744109574,1.805651872399445,0.2912621359223301,False,mitte-EL
Hinnatüüp,upfront_destination_changed,13,3,0.23076923076923078,0.08179528718498563,0.502563759467275,3.111277072442121,0.009708737864077669,True,mitte-EL
GPS confidence,GPS halb (0),651,182,0.27956989247311825,0.24646538237119026,0.31526059552144475,3.7692173852524617,0.5889967637540453,False,mitte-EL
GPS confidence,GPS hea (1),1031,114,0.11057225994180407,0.09285638264831156,0.13117934460685735,1.4907573945551966,0.36893203883495146,False,mitte-EL
Sisestaja,client,1682,296,0.1759809750297265,0.15852652072006154,0.1949120874616985,2.3726108154493226,0.9579288025889967,False,mitte-EL
Muutuse põhjus,client_destination_changed,84,11,0.13095238095238096,0.0747222131694305,0.2194607292318661,1.7655262752350132,0.03559870550161812,False,mitte-EL
Muutuse põhjus,driver_waypoint_changed,2,0,0.0,0.0,0.657619772493347,0.0,0.0,True,mitte-EL
Muutuse põhjus,muutus puudub,1596,285,0.17857142857142858,0.16056011913639098,0.19812633423486695,2.407535829865927,0.9223300970873787,False,mitte-EL
Sihtkoha muutusi,1,1591,285,0.1791326209930861,0.16106990356220396,0.1987410705298674,2.4151019386964294,0.9223300970873787,False,mitte-EL
Sihtkoha muutusi,2,74,10,0.13513513513513514,0.07509048592618375,0.23119178552523315,1.821919006385026,0.032362459546925564,False,mitte-EL
Sihtkoha muutusi,3+,17,1,0.058823529411764705,0.010460400984997592,0.26982030637575405,0.7930706263087759,0.003236245954692557,True,mitte-EL
Piirkond,mitte-EL,1682,296,0.1759809750297265,0.15852652072006154,0.1949120874616985,2.3726108154493226,0.9579288025889967,False,mitte-EL
Hinnatüüp,prediction,1,0,0.0,0.0,0.7934506856227627,0.0,0.0,True,EL
Hinnatüüp,puudub,19,0,0.0,1.3877787807814457e-17,0.16817922405261632,0.0,0.0,True,EL
Hinnatüüp,upfront,2295,13,0.005664488017429194,0.003313383595810122,0.009667702466559222,0.07636976401491917,0.042071197411003236,False,EL
Hinnatüüp,upfront_destination_changed,166,0,0.0,0.0,0.022617909945943475,0.0,0.0,False,EL
Hinnatüüp,upfront_waypoint_changed,3,0,0.0,0.0,0.5614970317550455,0.0,0.0,True,EL
GPS confidence,GPS halb (0),111,4,0.036036036036036036,0.014101302509231792,0.08901005589995212,0.4858450683693402,0.012944983818770227,False,EL
GPS confidence,GPS hea (1),2373,9,0.0037926675094816687,0.0019966339405451962,0.007192644856169791,0.05113350435113473,0.02912621359223301,False,EL
Sisestaja,client,2290,12,0.005240174672489083,0.0030001628591582157,0.009137318880755897,0.07064908636113112,0.038834951456310676,False,EL
Sisestaja,driver,189,1,0.005291005291005291,0.0009346037378160626,0.02935690544499702,0.07133439495899042,0.003236245954692557,False,EL
Sisestaja,reseller,5,0,0.0,0.0,0.43448246478317487,0.0,0.0,True,EL
Muutuse põhjus,client_destination_changed,39,0,0.0,6.938893903907228e-18,0.08966685370757144,0.0,0.0,True,EL
Muutuse põhjus,driver_destination_changed,127,0,0.0,0.0,0.029359645293763375,0.0,0.0,False,EL
Muutuse põhjus,driver_waypoint_changed,3,0,0.0,0.0,0.5614970317550455,0.0,0.0,True,EL
Muutuse põhjus,muutus puudub,2315,13,0.005615550755939525,0.00328473352499034,0.009584390712537635,0.07570998203638854,0.042071197411003236,False,EL
Sihtkoha muutusi,1,2236,12,0.005366726296958855,0.003072678349499578,0.009357424107552458,0.07235528075446793,0.038834951456310676,False,EL
Sihtkoha muutusi,2,152,0,0.0,1.734723475976807e-18,0.024649787352889058,0.0,0.0,False,EL
Sihtkoha muutusi,3+,96,1,0.010416666666666666,0.0018411702168162555,0.05666617622715787,0.1404395900755124,0.003236245954692557,False,EL
Piirkond,EL,2484,13,0.005233494363929146,0.0030610753996644707,0.008933844419237415,0.07055902110074053,0.042071197411003236,False,EL
