price_type,gps_grp,n,tickets,rate,ci_low,ci_high,lift,share_of_all_tickets,small_n,scope
prediction,GPS halb (0),419,136,0.324582338902148,0.28151948517671005,0.3708324852048525,4.376084219632196,0.4401294498381877,False,kõik
prediction,GPS hea (1),579,67,0.1157167530224525,0.09215662946751836,0.14434243341589223,1.5601164824968838,0.2168284789644013,False,kõik
puudub,GPS halb (0),2,0,0.0,0.0,0.657619772493347,0.0,0.0,True,kõik
puudub,GPS hea (1),17,0,0.0,0.0,0.18431813500885186,0.0,0.0,True,kõik
upfront,GPS halb (0),311,47,0.15112540192926044,0.11559046059412713,0.1951737544720214,2.0375029917064693,0.15210355987055016,False,kõik
upfront,GPS hea (1),2656,56,0.02108433734939759,0.0162726193355009,0.027279397058760153,0.2842632666588685,0.18122977346278318,False,kõik
upfront_destination_changed,GPS halb (0),30,3,0.1,0.03459988874733416,0.25621082579184085,1.3482200647249192,0.009708737864077669,True,kõik
upfront_destination_changed,GPS hea (1),149,0,0.0,0.0,0.02513361787000955,0.0,0.0,False,kõik
upfront_waypoint_changed,GPS hea (1),3,0,0.0,0.0,0.5614970317550455,0.0,0.0,True,kõik
prediction,GPS halb (0),419,136,0.324582338902148,0.28151948517671005,0.3708324852048525,4.376084219632196,0.4401294498381877,False,mitte-EL
prediction,GPS hea (1),578,67,0.11591695501730104,0.09231792910123876,0.14458760028485584,1.5628156459614113,0.2168284789644013,False,mitte-EL
upfront,GPS halb (0),222,43,0.19369369369369369,0.14710001355897234,0.2507076311924874,2.6114172424852033,0.13915857605177995,False,mitte-EL
upfront,GPS hea (1),450,47,0.10444444444444445,0.0794565917782046,0.13612851381116775,1.4081409564904712,0.15210355987055016,False,mitte-EL
upfront_destination_changed,GPS halb (0),10,3,0.3,0.10779126740630104,0.6032218525388546,4.044660194174757,0.009708737864077669,True,mitte-EL
upfront_destination_changed,GPS hea (1),3,0,0.0,0.0,0.5614970317550455,0.0,0.0,True,mitte-EL
