month,value,n,tickets,rate,ci_low,ci_high,lift,share_of_all_tickets,small_n,scope,factor
2,prediction,528,116,0.2196969696969697,0.18647489179134938,0.25696827140929546,2.9619986270471705,0.37540453074433655,False,kõik,Hinnatüüp
2,puudub,14,0,0.0,2.7755575615628914e-17,0.21531080273763586,0.0,0.0,True,kõik,Hinnatüüp
2,upfront,2253,95,0.04216600088770528,0.034617431645588906,0.05127316472886154,0.5684904844601301,0.3074433656957929,False,kõik,Hinnatüüp
2,upfront_destination_changed,116,3,0.02586206896551724,0.00883388787208833,0.07328676484308631,0.34867760294609973,0.009708737864077669,False,kõik,Hinnatüüp
2,upfront_waypoint_changed,3,0,0.0,0.0,0.5614970317550455,0.0,0.0,True,kõik,Hinnatüüp
3,prediction,470,87,0.1851063829787234,0.15259641953216424,0.2227220662400799,2.495641396405701,0.2815533980582524,False,kõik,Hinnatüüp
3,puudub,5,0,0.0,0.0,0.43448246478317487,0.0,0.0,True,kõik,Hinnatüüp
3,upfront,714,8,0.011204481792717087,0.005688189138699468,0.021952257894397045,0.1510610716778621,0.025889967637540454,False,kõik,Hinnatüüp
3,upfront_destination_changed,63,0,0.0,0.0,0.05747119958885175,0.0,0.0,False,kõik,Hinnatüüp
2,GPS halb (0),533,130,0.24390243902439024,0.20936241959402466,0.28210755629101136,3.2883416212802903,0.42071197411003236,False,kõik,GPS confidence
2,GPS hea (1),2381,84,0.03527929441411172,0.028585898437471925,0.04346981754528773,0.4756425259844318,0.27184466019417475,False,kõik,GPS confidence
3,GPS halb (0),229,56,0.2445414847161572,0.19338776178234263,0.3041244055413512,3.2969573635194527,0.18122977346278318,False,kõik,GPS confidence
3,GPS hea (1),1023,39,0.03812316715542522,0.028011772295818936,0.05169036489163679,0.513984188898063,0.1262135922330097,False,kõik,GPS confidence
